{
  "controller/View1-dbg.controller.js": 1737377909972,
  "controller/View1.controller.js": 1737377909972,
  "controller/View2.controller.js": 1737377613739,
  "model/models.js": 1737376814944,
  "controller/App.controller.js": 1737376814944,
  "manifest.json": 1737378597524,
  "Component.js": 1737376814936,
  "model/models-dbg.js": 1737376814944,
  "model/models.js.map": 1737378597679,
  "controller/View2-dbg.controller.js": 1737377613739,
  "controller/View2.controller.js.map": 1737378597680,
  "i18n/i18n.properties": 1737376814940,
  "controller/View1.controller.js.map": 1737378597680,
  "controller/App-dbg.controller.js": 1737376814944,
  "controller/App.controller.js.map": 1737378597678,
  "Component-dbg.js": 1737376814936,
  "Component.js.map": 1737378597681,
  "Component-preload.js": 1737378597854,
  "Component-preload.js.map": 1737378597854,
  "view/View2.view.xml": 1737378068793,
  "view/View1.view.xml": 1737377013393,
  "view/App.view.xml": 1737376814948,
  "css/style.css": 1737376814948,
  "index.html": 1737377356806
}